Pressure Altitude: 0ft,ISA -10°C,,,,,,,,,
,,,,,,,,,,
"Weight x 1,000 lb",40,38,36,34,32,30,28,26,24,22
Ind. M.,.525,.525,.525,.525,.525,.525,.525,.525,.525,.525
NM/lb,.0851,.0852,.0854,.0856,.0858,.0860,.0861,.0862,.0863,.0863
TAT (°C),21,21,21,21,21,21,21,21,21,21
TAS (kt),344,344,344,344,344,344,344,344,344,344
RPM (%),88.1,88.1,88,88,87.9,87.9,87.8,87.8,87.8,87.8
F/F (lb/hr),1344,1345,1341,1338,1335,1332,1331,1329,1328,1327
,,,,,,,,,,
Pressure Altitude: 0ft,ISA 0°C,,,,,,,,,
,,,,,,,,,,
"Weight x 1,000 lb",40,38,36,34,32,30,28,26,24,22
Ind. M.,.525,.525,.525,.525,.525,.525,.525,.525,.525,.525
NM/lb,.0848,.0849,.0851,.0854,.0855,.0857,.0857,.0859,.0860,.0860
TAT (°C),31,31,31,31,31,31,31,31,31,31
TAS (kt),350,350,350,350,350,350,350,350,350,350
RPM (%),89.7,89.7,89.6,89.5,89.5,89.4,89.4,89.4,89.4,89.4
F/F (lb/hr),1373,1373,1370,1366,1363,1361,1359,1357,1356,1355
,,,,,,,,,,
Pressure Altitude: 0ft,ISA +10°C,,,,,,,,,
,,,,,,,,,,
"Weight x 1,000 lb",40,38,36,34,32,30,28,26,24,22
Ind. M.,.525,.525,.525,.525,.525,.525,.525,.525,.525,.525
NM/lb,.0845,.0846,.0848,.0851,.0852,.0854,.0855,.0856,.0857,.0857
TAT (°C),42,42,42,42,42,42,42,42,42,42
TAS (kt),356,356,356,356,356,356,356,356,356,356
RPM (%),91.2,91.2,91.1,91.1,91,91.9,91,90.9,90.9,90.9
F/F (lb/hr),1401,1402,1398,1394,1391,1389,1387,1385,1384,1383
,,,,,,,,,,
Pressure Altitude: 0ft,ISA +20°C,,,,,,,,,
,,,,,,,,,,
"Weight x 1,000 lb",40,38,36,34,32,30,28,26,24,22
Ind. M.,.525,.525,.525,.525,.525,.525,.525,.525,.525,.525
NM/lb,.0842,.0843,.0846,.0848,.0850,.0851,.0852,.0853,.0854,.0854
TAT (°C),52,52,52,52,52,52,52,52,52,52
TAS (kt),362,362,362,362,362,362,362,362,362,362
RPM (%),92.7,92.7,92.7,92.6,92.5,92.5,92.5,92.4,92.4,92.4
F/F (lb/hr),1430,1430,1426,1422,1419,1417,1415,1413,1412,1411
,,,,,,,,,,
Pressure Altitude: 5000ft,ISA -10°C,,,,,,,,,
,,,,,,,,,,
"Weight x 1,000 lb",40,38,36,34,32,30,28,26,24,22
Ind. M.,.592,.592,.592,.592,.592,.592,.592,.592,.592,.592
NM/lb,.0915,.0918,.0920,.0922,.0924,.0925,.0926,.0927,.0927,.0928
TAT (°C),14,14,14,14,14,14,14,14,14,14
TAS (kt),380,380,380,380,380,380,380,380,380,380
RPM (%),91.4,91.3,91.3,91.3,91.2,91.2,91.2,91.2,91.2,91.1
F/F (lb/hr),1383,1379,1376,1373,1370,1368,1366,1365,1364,1364
,,,,,,,,,,
Pressure Altitude: 5000ft,ISA 0°C,,,,,,,,,
,,,,,,,,,,
"Weight x 1,000 lb",40,38,36,34,32,30,28,26,24,22
Ind. M.,.592,.592,.592,.592,.592,.592,.592,.592,.592,.592
NM/lb,.0911,.0914,.0916,.0918,.0920,.0921,.0922,.0923,.0924,.0924
TAT (°C),25,25,25,25,25,25,25,25,25,25
TAS (kt),387,387,387,387,387,387,387,387,387,387
RPM (%),93.1,93,93,92.9,92.9,92.9,92.9,92.8,92.8,92.8
F/F (lb/hr),1415,1410,1407,1404,1401,1399,1397,1396,1395,1395
,,,,,,,,,,
Pressure Altitude: 5000ft,ISA +10°C,,,,,,,,,
,,,,,,,,,,
"Weight x 1,000 lb",40,38,36,34,32,30,28,26,24,22
Ind. M.,.592,.592,.592,.592,.592,.592,.592,.592,.592,.592
NM/lb,.0907,.0910,.0912,.0914,.0916,.0917,.0918,.0919,.0920,.0920
TAT (°C),36,36,36,36,36,36,36,36,36,36
TAS (kt),394,394,394,394,394,394,394,394,394,394
RPM (%),94.7,94.7,94.6,94.6,94.6,94.5,94.5,94.5,94.5,94.5
F/F (lb/hr),1446,1442,1438,1435,1432,1430,1428,1427,1426,1426
,,,,,,,,,,
Pressure Altitude: 5000ft,ISA +20°C,,,,,,,,,
,,,,,,,,,,
"Weight x 1,000 lb",40,38,36,34,32,30,28,26,24,22
Ind. M.,.592,.592,.592,.592,.592,.592,.592,.592,.592,.592
NM/lb,.0903,.0906,.0908,.0910,.0912,.0913,.0915,.0915,.0916,.0916
TAT (°C),46,46,46,46,46,46,46,46,46,46
TAS (kt),400,400,400,400,400,400,400,400,400,400
RPM (%),96.4,96.3,96.3,96.2,96.2,96.2,96.1,96.1,96.1,96.1
F/F (lb/hr),1477,1473,1469,1466,1463,1461,1459,1458,1457,1456
,,,,,,,,,,
Pressure Altitude: 10000ft,ISA -10°C,,,,,,,,,
,,,,,,,,,,
"Weight x 1,000 lb",40,38,36,34,32,30,28,26,24,22
Ind. M.,.663,.663,.663,.663,.663,.663,.663,.663,.663,.663
NM/lb,.0991,.0993,.0996,.0998,.1000,.1001,.1002,.1003,.1003,.1004
TAT (°C),8,8,8,8,8,8,8,8,8,8
TAS (kt),416,416,416,416,416,416,416,416,416,416
RPM (%),93.4,93.3,93.3,93.2,93.2,93.1,93.1,93.1,93.1,93.1
F/F (lb/hr),1399,1395,1392,1389,1386,1384,1383,1382,1381,1381
,,,,,,,,,,
Pressure Altitude: 10000ft,ISA 0°C,,,,,,,,,
,,,,,,,,,,
"Weight x 1,000 lb",40,38,36,34,32,30,28,26,24,22
Ind. M.,.663,.663,.663,.663,.663,.663,.663,.663,.663,.663
NM/lb,.0985,.0988,.0991,.0993,.0994,.0996,.0997,.0998,.0998,.0999
TAT (°C),19,19,19,19,19,19,19,19,19,19
TAS (kt),424,424,424,424,424,424,424,424,424,424
RPM (%),95.1,95.1,95,95,95,94.9,94.9,94.9,94.9,94.9
F/F (lb/hr),1433,1429,1426,1423,1420,1418,1417,1416,1415,1414
,,,,,,,,,,
Pressure Altitude: 10000ft,ISA +10°C,,,,,,,,,
,,,,,,,,,,
"Weight x 1,000 lb",40,38,36,34,32,30,28,26,24,22
Ind. M.,.663,.663,.663,.663,.663,.663,.663,.663,.663,.663
NM/lb,.0980,.0983,.0985,.0987,.0989,.0991,.0992,.0993,.0993,.0993
TAT (°C),30,30,30,30,30,30,30,30,30,30
TAS (kt),432,432,432,432,432,432,432,432,432,432
RPM (%),96.9,96.8,96.8,96.8,96.7,96.7,96.7,96.6,96.6,96.6
F/F (lb/hr),1467,1463,1460,1457,1454,1452,1450,1449,1448,1448
,,,,,,,,,,
Pressure Altitude: 10000ft,ISA +20°C,,,,,,,,,
,,,,,,,,,,
"Weight x 1,000 lb",40,38,36,34,32,30,28,26,24,22
Ind. M.,.663,.663,.663,.663,.663,.663,.663,.663,.663,.663
NM/lb,.0975,.0978,.0980,.0982,.0984,.0986,.0987,.0988,.0988,.0988
TAT (°C),41,41,41,41,41,41,41,41,41,41
TAS (kt),439,439,439,439,439,439,439,439,439,439
RPM (%),98.6,98.6,98.5,98.5,98.4,98.4,98.4,98.4,98.4,98.3
F/F (lb/hr),1501,1497,1493,1490,1488,1485,1484,1482,1482,1481
,,,,,,,,,,
Pressure Altitude: 15000ft,ISA -10°C,,,,,,,,,
,,,,,,,,,,
"Weight x 1,000 lb",40,38,36,34,32,30,28,26,24,22
Ind. M.,.727,.727,.727,.727,.727,.727,.727,.727,.727,.727
NM/lb,.1093,.1091,.1094,.1097,.1099,.1101,.1103,.1104,.1105,.1105
TAT (°C),1,1,1,1,1,1,1,1,1,1
TAS (kt),446,446,446,446,446,446,446,446,446,446
RPM (%),94.9,95,95,94.9,94.9,94.8,94.8,94.8,94.8,94.8
F/F (lb/hr),1354,1362,1358,1355,1352,1349,1347,1346,1345,1344
,,,,,,,,,,
Pressure Altitude: 15000ft,ISA 0°C,,,,,,,,,
,,,,,,,,,,
"Weight x 1,000 lb",40,38,36,34,32,30,28,26,24,22
Ind. M.,.711,.713,.714,.715,.716,.717,.717,.718,.718,.718
NM/lb,.1107,.1109,.1110,.1111,.1112,.1113,.1114,.1114,.1115,.1115
TAT (°C),11,12,12,12,12,12,12,12,12,12
TAS (kt),446,446,447,448,448,449,449,449,449,450
RPM (%),96.2,96.2,96.2,96.2,96.2,96.2,96.2,96.2,96.1,96.1
F/F (lb/hr),1341,1342,1342,1343,1343,1343,1343,1344,1344,1344
,,,,,,,,,,
Pressure Altitude: 15000ft,ISA +10°C,,,,,,,,,
,,,,,,,,,,
"Weight x 1,000 lb",40,38,36,34,32,30,28,26,24,22
Ind. M.,.666,.668,.670,.671,.673,.674,.675,.675,.676,.676
NM/lb,.1174,.1176,.1179,.1181,.1182,.1184,.1185,.1186,.1187,.1187
TAT (°C),19,19,19,20,20,20,20,20,20,20
TAS (kt),426,427,428,429,430,431,432,432,432,432
RPM (%),95.7,95.7,95.7,95.6,95.6,95.6,95.6,95.6,95.6,95.6
F/F (lb/hr),1210,1210,1211,1211,1212,1212,1212,1212,1212,1213
,,,,,,,,,,
Pressure Altitude: 15000ft,ISA +20°C,,,,,,,,,
,,,,,,,,,,
"Weight x 1,000 lb",40,38,36,34,32,30,28,26,24,22
Ind. M.,.622,.624,.627,.629,.630,.632,.633,.634,.635,.636
NM/lb,.1239,.1243,.1247,.1250,.1253,.1255,.1257,.1259,.126,.1261
TAT (°C),27,27,27,27,28,28,28,28,28,28
TAS (kt),406,407,409,410,411,412,413,413,414,414
RPM (%),95.3,95.3,95.3,95.2,95.2,95.2,95.2,95.2,95.2,95.2
F/F (lb/hr),1091,1091,1092,1093,1093,1094,1094,1095,1095,1095
,,,,,,,,,,
Pressure Altitude: 20000ft,ISA -10°C,,,,,,,,,
,,,,,,,,,,
"Weight x 1,000 lb",40,38,36,34,32,30,28,26,24,22
Ind. M.,.790,.791,.793,.794,.795,.796,.797,.797,.798,.798
NM/lb,.1172,.1174,.1175,.1176,.1177,.1178,.1179,.1180,.1180,.1180
TAT (°C),-5,-5,-5,-5,-5,-5,-5,-5,-5,-5
TAS (kt),472,473,474,475,475,476,476,477,477,477
RPM (%),97.3,97.3,97.3,97.3,97.3,97.3,97.3,97.3,97.3,97.3
F/F (lb/hr),1343,1344,1344,1345,1346,1346,1347,1347,1347,1347
,,,,,,,,,,
Pressure Altitude: 20000ft,ISA 0°C,,,,,,,,,
,,,,,,,,,,
"Weight x 1,000 lb",40,38,36,34,32,30,28,26,24,22
Ind. M.,.749,.751,.752,.754,.756,.757,.758,.759,.759,.760
NM/lb,.1260,.1262,.1264,.1266,.1268,.1269,.1271,.1271,.1272,.1273
TAT (°C),3,3,3,3,4,4,4,4,4,4
TAS (kt),458,460,461,462,462,463,464,464,465,465
RPM (%),96.7,96.7,96.7,96.7,96.7,96.7,96.7,96.7,96.7,96.7
F/F (lb/hr),1212,1213,1214,1215,1215,1216,1216,1217,1217,1217
,,,,,,,,,,
Pressure Altitude: 20000ft,ISA +10°C,,,,,,,,,
,,,,,,,,,,
"Weight x 1,000 lb",40,38,36,34,32,30,28,26,24,22
Ind. M.,.702,.705,.707,.709,.711,.713,.714,.715,.716,.717
NM/lb,.1340,.1344,.1347,.1350,.1352,.1355,.1356,.1358,.1359,.1360
TAT (°C),11,11,11,11,12,12,12,12,12,12
TAS (kt),440,442,443,444,446,446,447,448,449,449
RPM (%),96.2,96.2,96.2,96.1,96.1,96.1,96.1,96.1,96.1,96.1
F/F (lb/hr),1094,1095,1096,1097,1098,1098,1099,1099,1100,1100
,,,,,,,,,,
Pressure Altitude: 20000ft,ISA +20°C,,,,,,,,,
,,,,,,,,,,
"Weight x 1,000 lb",40,38,36,34,32,30,28,26,24,22
Ind. M.,.652,.656,.659,.662,.665,.667,.669,.671,.672,.673
NM/lb,.1416,.1426,.1428,.1433,.1437,.1441,.1444,.1446,.1449,.1450
TAT (°C),18,19,19,19,19,19,19,20,20,20
TAS (kt),417,419,422,424,425,427,428,429,430,430
RPM (%),95.6,95.6,95.6,95.6,95.6,95.6,95.6,95.6,95.5,95.5
F/F (lb/hr),981,983,984,985,986,987,987,988,988,989
,,,,,,,,,,
Pressure Altitude: 25000ft,ISA -10°C,,,,,,,,,
,,,,,,,,,,
"Weight x 1,000 lb",40,38,36,34,32,30,28,26,24,22
Ind. M.,.815,.818,.821,.824,.826,.828,.829,.830,.830,.831
NM/lb,.1326,.1329,.1332,.1335,.1337,.1339,.1340,.1340,.1341,.1341
TAT (°C),-15,-14,-14,-14,-14,-14,-14,-14,-14,-14
TAS (kt),477,478,480,481,483,484,484,485,485,485
RPM (%),97.7,97.7,97.7,97.7,97.7,97.7,97.7,97.7,97.7,97.7
F/F (lb/hr),1198,1200,1201,1202,1203,1204,1204,1205,1205,1205
,,,,,,,,,,
Pressure Altitude: 25000ft,ISA 0°C,,,,,,,,,
,,,,,,,,,,
"Weight x 1,000 lb",40,38,36,34,32,30,28,26,24,22
Ind. M.,.775,.778,.781,.783,.786,.788,.789,.791,.792,.793
NM/lb,.1431,.1435,.1438,.1441,.1444,.1446,.1448,.1449,.1451,.1452
TAT (°C),-6,-6,-6,-6,-5,-5,-5,-5,-5,-5
TAS (kt),464,466,467,469,470,471,472,473,474,474
RPM (%),97.3,97.2,97.2,97.2,97.2,97.2,97.2,97.2,97.2,97.2
F/F (lb/hr),1081,1082,1083,1084,1085,1086,1087,1088,1088,1089
,,,,,,,,,,
Pressure Altitude: 25000ft,ISA +10°C,,,,,,,,,
,,,,,,,,,,
"Weight x 1,000 lb",40,38,36,34,32,30,28,26,24,22
Ind. M.,.728,.732,.736,.740,.743,.746,.748,.750,.751,.753
NM/lb,.1531,.1538,.1544,.1549,.1554,.1557,.1560,.1563,.1565,.1567
TAT (°C),2,2,2,3,3,3,3,3,3,3
TAS (kt),446,449,451,453,455,457,458,459,460,461
RPM (%),96.6,96.6,96.6,96.6,96.6,96.6,96.6,96.6,96.6,96.6
F/F (lb/hr),971,973,974,975,977,977,978,979,979,980
,,,,,,,,,,
Pressure Altitude: 25000ft,ISA +20°C,,,,,,,,,
,,,,,,,,,,
"Weight x 1,000 lb",40,38,36,34,32,30,28,26,24,22
Ind. M.,.669,.676,.682,.687,.691,.694,.698,.700,.702,.704
NM/lb,.1627,.1639,.1649,.1657,.1664,.1671,.1676,.1681,.1684,.1687
TAT (°C),9,9,10,10,10,10,11,11,11,11
TAS (kt),420,424,428,431,433,435,437,439,440,441
RPM (%),95.8,95.8,95.8,95.7,95.7,95.7,95.7,95.7,95.7,95.7
F/F (lb/hr),860,862,864,866,867,868,869,870,871,872
,,,,,,,,,,
Pressure Altitude: 27000ft,ISA -10°C,,,,,,,,,
,,,,,,,,,,
"Weight x 1,000 lb",40,38,36,34,32,30,28,26,24,22
Ind. M.,.823,.826,.829,.831,.833,.834,.836,.837,.838,.838
NM/lb,.1395,.1399,.1402,.1404,.1406,.1407,.1408,.1410,.144,.1411
TAT (°C),-19,-18,-18,-18,-18,-18,-18,-18,-18,-17
TAS (kt),476,478,480,481,482,483,484,484,485,485
RPM (%),87.8,87.8,87.8,87.8,87.8,87.8,87.8,87.8,87.8,87.8
F/F (lb/hr),1138,1140,1141,1142,1143,1143,1144,1145,1145,1145
,,,,,,,,,,
Pressure Altitude: 27000ft,ISA 0°C,,,,,,,,,
,,,,,,,,,,
"Weight x 1,000 lb",40,38,36,34,32,30,28,26,24,22
Ind. M.,.783,.787,.790,.793,.796,.799,.801,.803,.805,.806
NM/lb,.1504,.1508,.1513,.1516,.1520,.1523,.1525,.1528,.1530,.1531
TAT (°C),-10,-10,-10,-9,-9,-9,-9,-9,-9,-8
TAS (kt),465,467,469,471,472,474,475,476,477,478
RPM (%),97.4,97.4,97.4,97.4,97.4,97.4,97.4,97.3,97.3,97.3
F/F (lb/hr),1030,1031,1033,1034,1035,1037,1038,1038,1039,1040
,,,,,,,,,,
Pressure Altitude: 27000ft,ISA +10°C,,,,,,,,,
,,,,,,,,,,
"Weight x 1,000 lb",40,38,36,34,32,30,28,26,24,22
Ind. M.,.735,.741,.746,.750,.753,.757,.760,.762,.764,.766
NM/lb,.1613,.1622,.1629,.1635,.1641,.1645,.1650,.1653,.1656,.1658
TAT (°C),-2,-2,-1,-1,-1,-1,0,0,0,0
TAS (kt),447,450,453,456,458,460,461,463,464,465
RPM (%),96.8,96.8,96.8,96.8,96.7,96.7,96.7,96.7,96.7,96.7
F/F (lb/hr),923,925,927,928,930,931,932,932,933,933
,,,,,,,,,,
Pressure Altitude: 27000ft,ISA +20°C,,,,,,,,,
,,,,,,,,,,
"Weight x 1,000 lb",40,38,36,34,32,30,28,26,24,22
Ind. M.,.674,.682,.689,.695,.700,.705,.708,.712,.714,.717
NM/lb,.1710,.1725,.1738,.1749,.1758,.1765,.1772,.1777,.1782,.1786
TAT (°C),5,5,6,6,7,7,7,7,7,8
TAS (kt),420,425,429,433,436,438,441,442,444,446
RPM (%),95.9,95.9,95.9,95.8,95.8,95.8,95.8,95.8,95.8,95.8
F/F (lb/hr),818,821,823,824,826,827,829,830,831,831
,,,,,,,,,,
Pressure Altitude: 29000ft,ISA -10°C,,,,,,,,,
,,,,,,,,,,
"Weight x 1,000 lb",40,38,36,34,32,30,28,26,24,22
Ind. M.,.827,.830,.833,.835,.838,.839,.841,.842,.843,.844
NM/lb,.1470,.1473,.1475,.1478,.1480,.1482,.1483,.1484,.1485,.1486
TAT (°C),-23,-23,-22,-22,-22,-22,-22,-22,-22,-22
TAS (kt),475,476,478,479,480,481,482,483,483,484
RPM (%),98,98,98,98,98,98,98,98,98,98
F/F (lb/hr),1077,1078,1079,1081,1082,1082,1083,1084,1084,1085
,,,,,,,,,,
Pressure Altitude: 29000ft,ISA 0°C,,,,,,,,,
,,,,,,,,,,
"Weight x 1,000 lb",40,38,36,34,32,30,28,26,24,22
Ind. M.,.789,.794,.798,.802,.806,.809,.812,.815,.817,.819
NM/lb,.1582,.1587,.1593,.1598,.1602,.1606,.1610,.1613,.1616,.1618
TAT (°C),-14,-14,-13,-13,-13,-13,-12,-12,-12,-12
TAS (kt),464,467,469,471,473,475,477,479,480,481
RPM (%),97.5,97.5,97.5,97.5,97.5,97.5,97.5,97.5,97.5,97.4
F/F (lb/hr),978,980,981,983,985,985,988,989,989,990
,,,,,,,,,,
Pressure Altitude: 29000ft,ISA +10°C,,,,,,,,,
,,,,,,,,,,
"Weight x 1,000 lb",40,38,36,34,32,30,28,26,24,22
Ind. M.,.740,.747,.753,.758,.763,.766,.769,.772,.774,.776
NM/lb,.1701,.1712,.1721,.1729,.1736,.1741,.1746,.1750,.1754,.1757
TAT (°C),-6,-6,-5,-5,-5,-4,-4,-4,-4,-4
TAS (kt),446,450,453,456,459,461,463,464,466,467
RPM (%),96.9,96.9,96.9,96.9,96.8,96.8,96.8,96.8,96.8,96.8
F/F (lb/hr),874,876,878,880,881,883,883,884,885,886
,,,,,,,,,,
Pressure Altitude: 29000ft,ISA +20°C,,,,,,,,,
,,,,,,,,,,
"Weight x 1,000 lb",40,38,36,34,32,30,28,26,24,22
Ind. M.,.676,.686,.695,.702,.708,.713,.718,.722,.726,.729
NM/lb,.1798,.1819,.1836,.1850,.1861,.1870,.1878,.1885,.1891,.1897
TAT (°C),0,1,2,2,3,3,3,4,4,4
TAS (kt),417,424,429,433,437,440,443,445,447,449
RPM (%),96,96,95.9,95.9,95.9,95.9,95.9,95.9,95.9,95.9
F/F (lb/hr),774,776,778,780,782,784,786,787,788,789
,,,,,,,,,,
Pressure Altitude: 31000ft,ISA -10°C,,,,,,,,,
,,,,,,,,,,
"Weight x 1,000 lb",40,38,36,34,32,30,28,26,24,22
Ind. M.,.829,.832,.836,.838,.841,.843,.844,.846,.847,.849
NM/lb,.1549,.1552,.1555,.1558,.1560,.1562,.1564,.1565,.1566,.1568
TAT (°C),-27,-27,-27,-27,-26,-26,-26,-26,-26,-26
TAS (kt),471,473,475,476,478,479,480,480,481,482
RPM (%),98,98,98,98,98,98,98.1,98.1,98.1,98.1
F/F (lb/hr),1014,1016,1017,1019,1020,1021,1022,1023,1024,1024
,,,,,,,,,,
Pressure Altitude: 31000ft,ISA 0°C,,,,,,,,,
,,,,,,,,,,
"Weight x 1,000 lb",40,38,36,34,32,30,28,26,24,22
Ind. M.,.792,.798,.804,.809,.814,.818,.822,.826,.828,.829
NM/lb,.1666,.1674,.1680,.1687,.1692,.1698,.1703,.1707,.1710,.1711
TAT (°C),-18,-18,-18,-17,-17,-17,-16,-16,-16,-16
TAS (kt),462,465,468,471,474,476,478,480,482,482
RPM (%),97.6,97.6,97.6,97.6,97.6,97.6,97.6,97.6,97.6,97.6
F/F (lb/hr),924,926,929,931,933,935,936,938,939,939
,,,,,,,,,,
Pressure Altitude: 31000ft,ISA +10°C,,,,,,,,,
,,,,,,,,,,
"Weight x 1,000 lb",40,38,36,34,32,30,28,26,24,22
Ind. M.,.743,.751,.758,.765,.770,.774,.778,.782,.784,.787
NM/lb,.1793,.1806,.1818,.1828,.1836,.1843,.1849,.1854,.1859,.1863
TAT (°C),-10,-10,-9,-9,-9,-8,-8,-8,-8,-7
TAS (kt),444,449,453,456,459,462,464,466,468,469
RPM (%),97.1,97.1,97,97,97,97,96.9,96.9,96.9,96.9
F/F (lb/hr),825,828,830,832,834,835,836,837,838,839
,,,,,,,,,,
Pressure Altitude: 31000ft,ISA +20°C,,,,,,,,,
,,,,,,,,,,
"Weight x 1,000 lb",40,38,36,34,32,30,28,26,24,22
Ind. M.,.673,.688,.699,.708,.716,.723,.729,.734,.738,.742
NM/lb,.1883,.1915,.1938,.1955,.1969,.1981,.1991,.2000,.2008,.2015
TAT (°C),-4,-3,-2,-2,-1,-1,0,0,0,1
TAS (kt),413,422,428,434,438,442,445,448,451,453
RPM (%),96.2,96.1,96.1,96.1,96.1,96.1,96.1,96.1,96.1,96.1
F/F (lb/hr),730,734,736,739,741,743,745,747,748,749
,,,,,,,,,,
Pressure Altitude: 33000ft,ISA -10°C,,,,,,,,,
,,,,,,,,,,
"Weight x 1,000 lb",40,38,36,34,32,30,28,26,24,22
Ind. M.,.828,.833,.836,.840,.842,.845,.847,.849,.851,.853
NM/lb,.1632,.1636,.1640,.1643,.1645,.1648,.1650,.1652,.1653,.1655
TAT (°C),-32,-31,-31,-31,-31,-31,-30,-30,-30,-30
TAS (kt),467,469,471,473,474,476,477,478,479,480
RPM (%),98,98,98.1,98.1,98.1,98.1,98.1,98.1,98.1,98.1
F/F (lb/hr),953,955,957,959,960,962,963,964,965,966
,,,,,,,,,,
Pressure Altitude: 33000ft,ISA 0°C,,,,,,,,,
,,,,,,,,,,
"Weight x 1,000 lb",40,38,36,34,32,30,28,26,24,22
Ind. M.,.793,.800,.807,.813,.819,.825,.829,.832,.834,.853
NM/lb,.1756,.1765,.1774,.1782,.1789,.1796,.1800,.1804,.1806,.1809
TAT (°C),-23,-22,-22,-21,-21,-21,-20,-20,-20,-20
TAS (kt),458,462,466,469,473,476,478,479,480,482
RPM (%),97.7,97.7,97.7,97.7,97.7,97.7,97.7,97.7,97.7,97.7
F/F (lb/hr),869,872,875,878,880,883,884,885,886,887
,,,,,,,,,,
Pressure Altitude: 33000ft,ISA +10°C,,,,,,,,,
,,,,,,,,,,
"Weight x 1,000 lb",40,38,36,34,32,30,28,26,24,22
Ind. M.,.743,.753,.762,.770,.776,.782,.787,.791,.795,.798
NM/lb,.1884,.1902,.1917,.1929,.1939,.1948,.1956,.1963,.1969,.1974
TAT (°C),-15,-14,-14,-13,-13,-12,-12,-12,-11,-11
TAS (kt),440,446,451,455,459,462,465,467,469,471
RPM (%),97.2,97.2,97.2,97.1,97.1,97.1,97.1,97,97,97
F/F (lb/hr),778,782,784,787,789,790,792,793,794,795
,,,,,,,,,,
Pressure Altitude: 33000ft,ISA +20°C,,,,,,,,,
,,,,,,,,,,
"Weight x 1,000 lb",40,38,36,34,32,30,28,26,24,22
Ind. M.,.659,.685,.702,.713,.723,.731,.739,.745,.750,.755
NM/lb,.1942,.2001,.2038,.2060,.2078,.2094,.2108,.2120,.2129,.2138
TAT (°C),-9,-8,-6,-6,-5,-4,-4,-4,-3,-3
TAS (kt),401,416,427,433,438,443,447,451,454,456
RPM (%),96.5,96.4,96.3,96.3,96.3,96.3,96.3,96.3,96.3,96.3
F/F (lb/hr),688,694,698,700,703,705,707,709,710,712
,,,,,,,,,,
Pressure Altitude: 35000ft,ISA -10°C,,,,,,,,,
,,,,,,,,,,
"Weight x 1,000 lb",40,38,36,34,32,30,28,26,24,22
Ind. M.,.825,.831,.836,.840,.843,.846,.849,.852,.855,.857
NM/lb,.1720,.1726,.1731,.1734,.1738,.1741,.1744,.1746,.1748,.1750
TAT (°C),-36,-36,-36,-35,-35,-35,-35,-35,-34,-34
TAS (kt),460,464,466,468,470,472,473,475,476,477
RPM (%),98,98,98,98.1,98.1,98.1,98.1,98.1,98.1,98.1
F/F (lb/hr),892,895,898,900,902,903,905,906,907,908
,,,,,,,,,,
Pressure Altitude: 35000ft,ISA 0°C,,,,,,,,,
,,,,,,,,,,
"Weight x 1,000 lb",40,38,36,34,32,30,28,26,24,22
Ind. M.,.790,.799,.807,.815,.822,.828,.832,.836,.838,.840
NM/lb,.1852,.1863,.1874,.1884,.1893,.1900,.1905,.1909,.1912,.1915
TAT (°C),-27,-27,-26,-26,-25,-25,-25,-24,-24,-24
TAS (kt),453,457,462,466,470,473,475,477,479,480
RPM (%),97.7,97.8,97.8,97.8,97.8,97.8,97.8,97.8,97.8,97.8
F/F (lb/hr),814,818,821,825,827,830,832,833,834,835
,,,,,,,,,,
Pressure Altitude: 35000ft,ISA +10°C,,,,,,,,,
,,,,,,,,,,
"Weight x 1,000 lb",40,38,36,34,32,30,28,26,24,22
Ind. M.,.732,.750,.762,.772,.780,.787,.793,.799,.803,.808
NM/lb,.1969,.2001,.2021,.2037,.2051,.2062,.2072,.2081,.2089,.2096
TAT (°C),-20,-19,-18,-17,-17,-16,-16,-16,-15,-15
TAS (kt),430,441,447,453,457,461,465,468,470,473
RPM (%),97.2,97.2,97.2,97.2,97.2,97.1,97.1,97.1,97.1,97.1
F/F (lb/hr),728,734,738,741,743,745,747,749,750,752
,,,,,,,,,,
Pressure Altitude: 35000ft,ISA +20°C,,,,,,,,,
,,,,,,,,,,
"Weight x 1,000 lb",40,38,36,34,32,30,28,26,24,22
Ind. M.,.617,.665,.697,.714,.727,.737,.746,.753,.760,.765
NM/lb,.1950,.2059,.2130,.2169,.2194,.2216,.2234,.2248,.2261,.2272
TAT (°C),-16,-13,-11,-10,-9,-9,-8,-7,-7,-7
TAS (kt),373,401,420,430,437,443,448,452,456,459
RPM (%),96.7,96.7,96.6,96.5,96.5,96.5,96.5,96.5,96.5,96.4
F/F (lb/hr),637,649,657,661,664,666,668,670,672,673
,,,,,,,,,,
Pressure Altitude: 39000ft,ISA -15°C,,,,,,,,,
,,,,,,,,,,
"Weight x 1,000 lb",40,38,36,34,32,30,28,26,24,22
Ind. M.,.785,.802,.818,.831,.838,.843,.847,.851,.855,.858
NM/lb,.1914,.1935,.1953,.1964,.1971,.1975,.1979,.1982,.1985,.1989
TAT (°C),-47,-46,-45,-44,-44,-43,-43,-43,-43,-42
TAS (kt),432,441,449,456,459,462,464,466,468,470
RPM (%),97.6,97.6,97.7,97.8,97.8,97.8,97.8,97.9,97.9,97.9
F/F (lb/hr),752,759,767,773,777,779,782,784,786,788
,,,,,,,,,,
Pressure Altitude: 39000ft,ISA -10°C,,,,,,,,,
,,,,,,,,,,
"Weight x 1,000 lb",40,38,36,34,32,30,28,26,24,22
Ind. M.,.765,.786,.804,.819,.829,.836,.840,.844,.848,.852
NM/lb,.1963,.1990,.2013,.2032,.2044,.2051,.2057,.2062,.2066,.2070
TAT (°C),-43,-41,-40,-39,-39,-38,-38,-38,-37,-37
TAS (kt),427,438,447,455,461,464,466,468,470,472
RPM (%),97.6,97.7,97.7,97.8,97.8,97.8,97.8,97.9,97.9,97.9
F/F (lb/hr),725,733,740,747,751,753,755,757,759,760
,,,,,,,,,,
Pressure Altitude: 39000ft,ISA 0°C,,,,,,,,,
,,,,,,,,,,
"Weight x 1,000 lb",40,38,36,34,32,30,28,26,24,22
Ind. M.,.699,.732,.760,.781,.796,.806,.816,.824,.830,.835
NM/lb,.2045,.2101,.2149,.2182,.2204,.2220,.2234,.2246,.2255,.2261
TAT (°C),-35,-33,-32,-30,-29,-29,-28,-28,-27,-27
TAS (kt),401,419,434,446,453,459,464,469,472,474
RPM (%),97.3,97.4,97.4,97.5,97.5,97.5,97.5,97.5,97.5,97.6
F/F (lb/hr),653,664,674,684,685,689,692,695,697,699
,,,,,,,,,,
Pressure Altitude: 39000ft,ISA +10°C,,,,,,,,,
,,,,,,,,,,
"Weight x 1,000 lb",40,38,36,34,32,30,28,26,24,22
Ind. M.,,.658,.685,.713,.739,.758,.770,.780,.788,.795
NM/lb,,.2191,.2246,.2303,.2355,.2392,.2416,.2435,.2450,.2464
TAT (°C),,-27,-25,-23,-22,-21,-20,-19,-19,-18
TAS (kt),,386,402,418,433,443,450,455,460,464
RPM (%),,96.8,96.8,96.8,96.8,96.8,96.8,96.8,96.8,96.8
F/F (lb/hr),,588,597,605,612,617,620,623,625,627
,,,,,,,,,,
Pressure Altitude: 39000ft,ISA +20°C,,,,,,,,,
,,,,,,,,,,
"Weight x 1,000 lb",40,38,36,34,32,30,28,26,24,22
Ind. M.,,,.559,.599,.638,.677,.705,.720,.733,.745
NM/lb,,,.2210,.2296,.2390,.2492,.2569,.2607,.2638,.2666
TAT (°C),,,-22,-19,-17,-15,-13,-12,-11,-10
TAS (kt),,,337,360,383,406,423,431,439,445
RPM (%),,,96.1,96.2,96,95.9,95.9,95.9,95.8,95.8
F/F (lb/hr),,,509,523,534,543,548,551,554,556
,,,,,,,,,,
Pressure Altitude: 41000ft,ISA -15°C,,,,,,,,,
,,,,,,,,,,
"Weight x 1,000 lb",40,38,36,34,32,30,28,26,24,22
Ind. M.,.734,.759,.783,.803,.821,.833,.839,.844,.849,.853
NM/lb,.2053,.2075,.2111,.2139,.2159,.2171,.2178,.2182,.2187,.2191
TAT (°C),-50,-48,-47,-46,-45,-44,-44,-43,-43,-43
TAS (kt),405,418,431,441,450,457,460,462,465,467
RPM (%),97.2,97.3,97.4,97.4,97.5,97.6,97.6,97.6,97.7,97.7
F/F (lb/hr),662,671,680,687,695,701,704,706,708,710
,,,,,,,,,,
Pressure Altitude: 41000ft,ISA -10°C,,,,,,,,,
,,,,,,,,,,
"Weight x 1,000 lb",40,38,36,34,32,30,28,26,24,22
Ind. M.,.661,.734,.761,.786,.805,.821,.830,.837,.841,.846
NM/lb,.2010,.2123,.2164,.2200,.2229,.2250,.2262,.2270,.2277,.2283
TAT (°C),-48,-44,-43,-41,-40,-39,-39,-38,-38,-38
TAS (kt),371,410,425,437,448,456,461,464,467,469
RPM (%),97.1,97.3,97.4,97.4,97.5,97.5,97.6,97.6,97.6,97.6
F/F (lb/hr),615,644,654,663,670,675,679,681,683,685
,,,,,,,,,,
Pressure Altitude: 41000ft,ISA 0°C,,,,,,,,,
,,,,,,,,,,
"Weight x 1,000 lb",40,38,36,34,32,30,28,26,24,22
Ind. M.,,.658,.693,.729,.760,.781,.796,.806,.816,.824
NM/lb,,.2194,.2257,.2323,.2308,.2417,.2442,.2460,.2476,.2490
TAT (°C),,-38,-36,-34,-32,-30,-29,-29,-28,-28
TAS (kt),,378,398,417,434,446,453,459,464,469
RPM (%),,96.8,96.9,97,97.1,97.2,97.2,97.2,97.2,97.2
F/F (lb/hr),,574,587,599,608,614,619,622,625,627
,,,,,,,,,,
Pressure Altitude: 41000ft,ISA +10°C,,,,,,,,,
,,,,,,,,,,
"Weight x 1,000 lb",40,38,36,34,32,30,28,26,24,22
Ind. M.,,,.614,.646,.678,.710,.738,.756,.769,.779
NM/lb,,,.2343,.2409,.2479,.2553,.2615,.2655,.2683,.2706
TAT (°C),,,-29,-27,-26,-24,-22,-21,-20,-19
TAS (kt),,,362,380,398,417,432,442,449,455
RPM (%),,,96.5,96.4,96.4,96.4,96.4,96.4,96.4,96.3
F/F (lb/hr),,,514,526,535,544,550,554,557,560
,,,,,,,,,,
Pressure Altitude: 41000ft,ISA +20°C,,,,,,,,,
,,,,,,,,,,
"Weight x 1,000 lb",40,38,36,34,32,30,28,26,24,22
Ind. M.,,,,,,.601,.638,.675,.702,.719
NM/lb,,,,,,.2566,.2665,.2772,.2853,.2902
TAT (°C),,,,,,-19,-17,-15,-13,-12
TAS (kt),,,,,,362,384,405,421,431
RPM (%),,,,,,95.5,95.4,95.3,95.3,95.2
F/F (lb/hr),,,,,,470,480,487,492,495
,,,,,,,,,,
Pressure Altitude: 43000ft,ISA -15°C,,,,,,,,,
,,,,,,,,,,
"Weight x 1,000 lb",40,38,36,34,32,30,28,26,24,22
Ind. M.,,,.730,.760,.787,.808,.826,.835,.841,.846
NM/lb,,,.2263,.2295,.2339,.2371,.2393,.2405,.2412,.2418
TAT (°C),,,-50,-48,-47,-46,-44,-44,-44,-43
TAS (kt),,,404,418,433,444,453,458,461,464
RPM (%),,,97,97.1,97.2,97.2,97.3,97.3,97.4,97.4
F/F (lb/hr),,,595,607,617,624,631,634,637,639
,,,,,,,,,,
Pressure Altitude: 43000ft,ISA -10°C,,,,,,,,,
,,,,,,,,,,
"Weight x 1,000 lb",40,38,36,34,32,30,28,26,24,22
Ind. M.,,,.704,.733,.763,.789,.808,.823,.832,.838
NM/lb,,,.2309,.2356,.2404,.2447,.2479,.2501,.2515,.2525
TAT (°C),,,-46,-44,-43,-41,-40,-39,-38,-38
TAS (kt),,,394,410,425,439,449,457,462,465
RPM (%),,,96.9,97,97,97.1,97.2,97.2,97.2,97.2
F/F (lb/hr),,,569,580,590,598,604,609,612,614
,,,,,,,,,,
Pressure Altitude: 43000ft,ISA 0°C,,,,,,,,,
,,,,,,,,,,
"Weight x 1,000 lb",40,38,36,34,32,30,28,26,24,22
Ind. M.,,,.617,.655,.692,.730,.763,.783,.796,.807
NM/lb,,,.2368,.2437,.2510,.2588,.2654,.2694,.2719,.2742
TAT (°C),,,-40,-38,-36,-33,-32,-30,-29,-29
TAS (kt),,,355,376,397,418,436,446,453,460
RPM (%),,,96.2,96.3,96.4,96.6,96.7,96.7,96.7,96.7
F/F (lb/hr),,,500,514,527,538,547,552,556,559
,,,,,,,,,,
Pressure Altitude: 43000ft,ISA +10°C,,,,,,,,,
,,,,,,,,,,
"Weight x 1,000 lb",40,38,36,34,32,30,28,26,24,22
Ind. M.,,,,,.612,.644,.677,.709,.736,.755
NM/lb,,,,,.2615,.2690,.2770,.2855,.2924,.2973
TAT (°C),,,,,-29,-28,-26,-24,-22,-21
TAS (kt),,,,,360,379,398,416,431,441
RPM (%),,,,,95.8,95.8,95.8,95.8,95.8,95.8
F/F (lb/hr),,,,,459,469,478,486,491,495
,,,,,,,,,,
Pressure Altitude: 45000ft,ISA -15°C,,,,,,,,,
,,,,,,,,,,
"Weight x 1,000 lb",40,38,36,34,32,30,28,26,24,22
Ind. M.,,,,,.717,.767,.794,.816,.831,.838
NM/lb,,,,,.2464,.2552,.2597,.2634,.2655,.2665
TAT (°C),,,,,-51,-48,-46,-45,-44,-44
TAS (kt),,,,,397,422,436,448,456,459
RPM (%),,,,,96.7,96.9,97,97,97.1,97.1
F/F (lb/hr),,,,,536,552,560,567,572,574
,,,,,,,,,,
Pressure Altitude: 45000ft,ISA -10°C,,,,,,,,,
,,,,,,,,,,
"Weight x 1,000 lb",40,38,36,34,32,30,28,26,24,22
Ind. M.,,,,,.711,.741,.771,.797,.814,.826
NM/lb,,,,,.2577,.2630,.2684,.2732,.2763,.2784
TAT (°C),,,,,-48,-44,-42,-41,-40,-39
TAS (kt),,,,,398,414,430,443,452,459
RPM (%),,,,,96.6,96.7,96.7,96.8,96.8,96.9
F/F (lb/hr),,,,,515,525,533,541,546,549
,,,,,,,,,,
Pressure Altitude: 45000ft,ISA 0°C,,,,,,,,,
,,,,,,,,,,
"Weight x 1,000 lb",40,38,36,34,32,30,28,26,24,22
Ind. M.,,,,,.626,.663,.700,.739,.768,.789
NM/lb,,,,,.2658,.273,.2815,.2901,.2968,.3014
TAT (°C),,,,,-39,-37,-35,-33,-31,-30
TAS (kt),,,,,360,381,402,423,439,450
RPM (%),,,,,95.8,95.9,96,96.2,96.3,96.3
F/F (lb/hr),,,,,451,464,476,486,493,497